Id,Name
1,ルメール
2,Ｍ．デム
3,三浦皇成
4,上野翔
5,中井裕二
6,中村将之
7,丸山元気
8,丸田恭介
9,丹内祐次
10,亀田温心
11,五十嵐雄祐
12,井上敏樹
13,伊藤工真
14,伴啓太
15,内田博幸
16,加藤祥太
17,勝浦正樹
18,北村友一
19,北村宏司
20,北沢伸也
21,原優介
22,原田和真
23,古川吉洋
24,古川奈穂
25,吉田豊
26,吉田隼人
27,団野大成
28,国分優作
29,国分恭介
30,坂井瑠星
31,城戸義政
32,大塚海渡
33,大庭和弥
34,大江原圭
35,大野拓弥
36,太宰啓介
37,宮崎北斗
38,富田暁
39,小坂忠士
40,小崎綾也
41,小林凌大
42,小林脩斗
43,小沢大仁
44,小牧太
45,小野寺祐太
46,山田敬士
47,岡田祥嗣
48,岩田康誠
49,岩田望来
50,岩部純二
51,嶋田純次
52,川又賢治
53,川島信二
54,川田将雅
55,川須栄彦
56,平沢健治
57,幸英明
58,戸崎圭太
59,斎藤新
60,服部寿希
61,木幡初也
62,木幡巧也
63,木幡育也
64,杉原誠人
65,松山弘平
66,松岡正海
67,松本大輝
68,松田大作
69,松若風馬
70,柴山雄一
71,柴田善臣
72,柴田大知
73,柴田未崎
74,森一馬
75,森裕太朗
76,植野貴也
77,横山典弘
78,横山和生
79,横山武史
80,横山琉人
81,武豊
82,武士沢友治
83,武藤雅
84,水口優也
85,永島まなみ
86,永野猛蔵
87,江田勇亮
88,江田照男
89,池添謙一
90,泉谷楓真
91,津村明秀
92,浜中俊
93,熊沢重文
94,田中健
95,田中勝春
96,田村太雅
97,田辺裕信
98,白浜雄造
99,的場勇人
100,石川裕紀人
101,石橋脩
102,石神深一
103,福永祐一
104,秋山真一郎
105,秋山稔樹
106,竹之下智昭
107,草野太郎
108,荻野極
109,荻野琢真
110,菅原明良
111,菅原隆一
112,菊沢一樹
113,菱田裕二
114,蓑島靖典
115,藤井勘一郎
116,藤岡佑介
117,藤岡康太
118,藤懸貴志
119,藤田菜七子
120,西村太一
121,西村淳也
122,西谷凜
123,西谷誠
124,角田大和
125,酒井学
126,野中悠太郎
127,金子光希
128,鈴木慶太
129,長岡禎仁
130,難波剛健
131,高倉稜
132,高田潤
133,高野和馬
134,鮫島克駿
135,鮫島良太
136,黒岩悠
137,黛弘人
138,和田竜二
139,和田翼